[
   {
      "path":"https://drive.google.com/uc?export=download&id=137UH4N1HRbRzfKZLdka0-vDKlHHohCJM"
   },
   {
      "path":"https://drive.google.com/uc?export=download&id=13KDM5kVV7OIgVKs1CNmVRMw3MqNXn_-6"
   },
   {
      "path":"https://drive.google.com/uc?export=download&id=13NaRfaijrN0778XWQvQmTwhiQPBcdJt_"
   },
   {
      "path":"https://drive.google.com/uc?export=download&id=13J9NggOgj4cjFNmN4SWF3lbHMnKE8b8r"
   },
   {
      "path":"https://drive.google.com/uc?export=download&id=13GZ0SGX9zqotwz-WmuHDhtdWWiESY61j"
   },
   {
      "path":"https://drive.google.com/uc?export=download&id=13h_ZBuclIXnv_K4tqKui_-HvhO8o4uez"
   },
   {
      "path":"https://drive.google.com/uc?export=download&id=13q74J7alU7P9FjkWFi-IMc8TIhtfhxv4"
   },
   {
      "path":"https://drive.google.com/uc?export=download&id=13q0UHNhWoQ3iRTr8cUe8dKikdGU6kcdD"
   },
   {
      "path":"https://drive.google.com/uc?export=download&id=13jhvr5jliBjW-larqpXVj0pXsaRmMJ3N"
   },
   {
      "path":"https://drive.google.com/uc?export=download&id=13sSbCH1e6eEiVq1bLyb8TmhR-5C9Qj1F"
   },
   {
      "path":"https://drive.google.com/uc?export=download&id=14-Y0GdKtuenXx6GlHoB5m-ygcW6aL0KO"
   },
   {
      "path":"https://drive.google.com/uc?export=download&id=14ICK_kVv5WAXYyLLQctrv1jDr7XjQ2Vd"
   },
   {
      "path":"https://drive.google.com/uc?export=download&id=145wmDKOCKUuNVa1RgBdS45C5kD_Bf_uw"
   },
   {
      "path":"https://drive.google.com/uc?export=download&id=14Fknd7GP_nPaxdS4DgLBe7p6cWAhn9ul"
   },
   {
      "path":"https://drive.google.com/uc?export=download&id=14Hza3OOwltlAcgbmL-ATXOrjtobLvY0-"
   }
]