[
   {
      "path":"https://s108.freeconvert.com/task/6311835b9b7ac500125ca3c2/ngen%20sama%20temen.mp3"
   },
   {
      "path":"https://s28.freeconvert.com/task/631186fc9b7ac500125cc29a/5_6068917316144334520.mp3"
   },
   {
      "path":"https://s21.freeconvert.com/task/6311885671a647001204d8cd/morning%20sex.mp3"
   },
   {
      "path":"https://s76.freeconvert.com/task/631188ff71a647001204de76/ngewe%20dipantai.mp3"
   },
   {
      "path":"https://s102.freeconvert.com/task/631189d071a647001204e509/via%20pedofil.mp3"
   },
   {
      "path":"https://s36.freeconvert.com/task/63118a719b7ac500125ce02b/via%20f.mp3"
   },
   {
      "path":"https://s49.freeconvert.com/task/63118b2d31380d0012981eb8/adik%20sialan.mp3"
   },
   {
      "path":"https://s103.freeconvert.com/task/63118bef31380d0012982517/asisten%20dosen%20ganteng.mp3"
   },
   {
      "path":"https://s20.freeconvert.com/task/63118d5971a64700120504fb/ah%20anak%20mama.mp3"
   },
   {
      "path":"https://s28.freeconvert.com/task/63118e0c892c380012102047/dokter%20cabul.mp3"
   },
   {
      "path":"https://s65.freeconvert.com/task/63119682892c380012106cb5/kemana%20ya.mp3"
   },
   {
      "path":"https://s25.freeconvert.com/task/6311975e71a6470012056099/sthhh%20ah.mp3"
   },
   {
      "path":"https://s7.freeconvert.com/task/631199cf71a6470012057875/full%20sepong.mp3"
   },
   {
      "path":"https://s10.freeconvert.com/task/63119a549b7ac500125d71f6/sendiri%20dirumah.mp3"
   },
   {
      "path":"https://s19.freeconvert.com/task/63119ad971a647001205822f/ahhhwjk.mp3"
   }                                                                                                                
]