[
   {
      "path":"https://s93.freeconvert.com/task/6311914531380d00129852f6/abis%20mandi.mp3"
   },
   {
      "path":"https://s31.freeconvert.com/task/6311929a31380d0012985eb5/disofa.mp3"
   },
   {
      "path":"https://s114.freeconvert.com/task/631193419b7ac500125d2ba8/mama%20pacar.mp3"
   },
   {
      "path":"https://s6.freeconvert.com/task/631193eb31380d0012986a94/jatah%20tutup.mp3"
   },
   {
      "path":"https://s50.freeconvert.com/task/6311948d71a6470012054271/sayang.mp3"
   },
   {
      "path":"https://s16.freeconvert.com/task/6311950f71a647001205477b/adek%20ipar.mp3"
   },
   {
      "path":"https://s81.freeconvert.com/task/6311984871a6470012056970/puasin%20tante.mp3"
   },
   {
      "path":"https://s87.freeconvert.com/task/631198e431380d0012989bda/yesenak.mp3"
   },
   {
      "path":"https://s62.freeconvert.com/task/6311994b9b7ac500125d6775/sygku.mp3"
   }
]