[
   {
      "title":"Ketemu Hijab Sangean OMETV",
      "path":"https://i.top4top.io/m_2341xq9cq0.mp4"
   },
   {
      "title":"Ketemu Bocil Sangean OMETV",
      "path":"https://k.top4top.io/m_2341fb4jm0.mp4"
   },
   {
      "title":"Hijab tt nya gede ometv",
      "path":"https://k.top4top.io/m_2341jvbzy1.mp4"
   },
   {
      "title":"Main Ometv Ketemu Ukhti sma sangean",
      "path":"https://h.top4top.io/m_2438kl6kw0.mp4"
   },
   {
      "title":"Berawal dari nemenin sicantik anak sma",
      "path":"https://i.top4top.io/m_2438k4cf70.mp4"
   },
   {
      "title":"Anak sma becek banget",
      "path":"https://d.top4top.io/m_24387catm0.mp4"
   },
   {
      "title":"Ometv special today",
      "path":"https://h.top4top.io/m_2438l5utb0.mp4"
   },
   {
      "title":"ukhti nya jago goyang",
      "path":"https://g.top4top.io/m_2438v1w7l0.mp4"
   },
   {
      "title":"Ketemu Anak SMA Cantik bngt OMETV",
      "path":"https://f.top4top.io/m_2341fihfn1.mp4"
   },
   {
      "title":"Malam hoki ketemu Anak Smp ometv",
      "path":"https://j.top4top.io/m_2341jyxgq1.mp4"
   },
   {
      "title":"Ketemu tangtop pink OMETV",
      "path":"https://d.top4top.io/m_23418161e1.mp4"
   },
   {
      "title":"Bocil OMETV",
      "path":"https://j.top4top.io/m_2341x8erk1.mp4"
   },
   {
      "title":"BERSAMA HIJAB DESA",
      "path":"https://j.top4top.io/m_2344852jl1.mp4"
   }   
]