[
   {
      "path":"https://drive.google.com/uc?export=download&id=106ST5L0SicT26WffXK3mMx9KTWi3Ugst"
   },
   {
      "path":"https://drive.google.com/uc?export=download&id=12Bb-UXNVUEBPGDM90V36n35OO3hoMEL7"
   },
   {
      "path":"https://drive.google.com/uc?export=download&id=12GTS6v16v8gFoRDMj8norsnDItwL7IJU"
   },
   {
      "path":"https://drive.google.com/uc?export=download&id=12FATT_VBvYIfoTghjYJlIBkDRJBJembg"
   },
   {
      "path":"https://drive.google.com/uc?export=download&id=12GTTN_JrUuZd37nXMaiwtnZpX36030e8"
   },
   {
      "path":"https://drive.google.com/uc?export=download&id=12JCCisvgAxOyLxVEAPbXLkO00debAqPN"
   },
   {
      "path":"https://drive.google.com/uc?export=download&id=12MbqJz9ybpPuC8vyPzjbV-QGQYWKAU_i"
   },
   {
      "path":"https://drive.google.com/uc?export=download&id=12PvK8dNd2ULq-yx-BXDPR5_RG_Z-5Ll3"
   },
   {
      "path":"https://drive.google.com/uc?export=download&id=11sMJpaJFRUPzIXkVZKaU2wd_uvvudQ1D"
   },
   {
      "path":"https://drive.google.com/uc?export=download&id=11rgEwMLx06RMzs65lSnVsKhFHuh0i2JK"
   },
   {
      "path":"https://drive.google.com/uc?export=download&id=11roxgv00GFsKE7nFPgMG74PBL-tESdmY"
   },
   {
      "path":"https://drive.google.com/uc?export=download&id=120JjMEbX9pxOoOuKv95qDCSIX7Us_UMm"
   },
   {
      "path":"https://drive.google.com/uc?export=download&id=12-WACr4nA1BKjjForzpXNavY80qEUCzS"
   },
   {
      "path":"https://drive.google.com/uc?export=download&id=121uzvdsHQRgbouwgq1y8imafNdRaFAeE"
   },
   {
      "path":"https://drive.google.com/uc?export=download&id=12AFSESxcGZ2YNnTHy-wRzZGESNBbpqpL"
   },
   {
      "path":"https://drive.google.com/uc?export=download&id=126CbvQ8QXS3tTNTX80VVl5EMk87-mnzO"
   },
   {
      "path":"https://drive.google.com/uc?export=download&id=123HJ5A_KChxh2A7EDHB55N_wCUzkRkiq"
   }
]