[
   {
      "title":"sopir angkot kabur usai tabrak pemotor, akibat nya kaki korban tertusuk bumper depan mobil hingga tembus. kejadian tersebut terjadi di samping jalan amalium, medan",
      "path":"https://pomf2.lain.la/f/f8bm1iqb.mp4"
   },
   {
      "title":"Tiga siswi kelas 8 smp mengeroyok adik kelasnya, siswi kelas 7 smp di alun-alun Semarang. alasan pelaku melakukan penganiayaan tersebut karena menganggap korban sebagai junior tidak beri respect atau penghormatan ",
      "path":"https://pomf2.lain.la/f/38e4g2.mp4"
   },
   {
      "title":"ngebut dan oleng mobil elf tewaskan 7 orang di jalan tamelang, Purwasari, Karawang",
      "path":"https://pomf2.lain.la/f/vnxzmlxa.mp4"
   },
   {
      "title":"dua pria di kabupaten Sumbawa, nusa tenggara barat, harus berurusan dengan pihak kepolisian. Keduanya diketahui telah melakukan aksi sadis meledakkan petasan di anus seekor kucing",
      "path":"https://files.catbox.moe/fc9l7l.mp4"
   },
   {
      "title":"aksi brutal kawanan geng motor dikota medan Sumatra Utara, terekam CCTV menikam korban di depan anak dan istrinya, korban tewas dengan luka tikaman di dada dan kepala",
      "path":"https://files.catbox.moe/adf9fr.mp4"
   },
   {
      "title":"seorang pembalap liar tewas usai tertabrak pasangan suami istri dijalan lingkar teluk Nibung, kota Tanjungbalai, Sumatra Utara korban dilaporkan tewas di lokasi kejadian karena pecah kepala",
      "path":"https://files.catbox.moe/14glwi.mp4"
   }
]