[
   {
      "title":"Prank driver di dalam mobil",
      "path":"https://www.sotwe.com/download?url=https%3A%2F%2Fvideo.twimg.com%2Fext_tw_video%2F1554579505528057856%2Fpu%2Fvid%2F480x270%2F53ITNjHq8HghSV-p.mp4%3Ftag%3D12"
   },
   {
      "title":"Iseng ajakin temen kampus staycation buat bikin tugas ehh si cewek malah minta dimanja",
      "path":"https://www.sotwe.com/download?url=https%3A%2F%2Fvideo.twimg.com%2Fext_tw_video%2F1552666585986322432%2Fpu%2Fvid%2F642x360%2FNsuK0CrmCBpitFwn.mp4%3Ftag%3D12"
   },
   {
      "title":"Kelakuan jaman sekarang",
      "path":"https://www.sotwe.com/download?url=https%3A%2F%2Fvideo.twimg.com%2Fext_tw_video%2F1555121974695043072%2Fpu%2Fvid%2F540x540%2Fqja9ZaZ0FBPgHbf1.mp4%3Ftag%3D12"
   },
   {
      "title":"Ketemu cewe sangean",
      "path":"https://www.sotwe.com/download?url=https%3A%2F%2Fvideo.twimg.com%2Fext_tw_video%2F1555171115777282049%2Fpu%2Fvid%2F480x1000%2FY5vBF-0swPgDnN1w.mp4%3Ftag%3D12"
   },
   {
      "title":"Yang lagi viral masih seger",
      "path":"https://www.sotwe.com/download?url=https%3A%2F%2Fvideo.twimg.com%2Fext_tw_video%2F1551224132070543360%2Fpu%2Fvid%2F720x720%2F0I5szS_p2HeZi931.mp4%3Ftag%3D12"
   },
   {
      "title":"Sampe bola mata nya putih karna keenakan",
      "path":"https://www.sotwe.com/download?url=https%3A%2F%2Fvideo.twimg.com%2Fext_tw_video%2F1551219132061741058%2Fpu%2Fvid%2F320x570%2FlVtZA7gtKJZRpWXQ.mp4%3Ftag%3D12"
   },
   {
      "title":"Kebiasaan kk ipar klau suami ke luar kota pasti main sama adik nya suami",
      "path":"https://www.sotwe.com/download?url=https%3A%2F%2Fvideo.twimg.com%2Fext_tw_video%2F1551216953540284416%2Fpu%2Fvid%2F480x852%2FCBX6tAuWRKFJ_DcI.mp4%3Ftag%3D12"
   },
   {
      "title":"Hijab pamer tt",
      "path":"https://www.sotwe.com/download?url=https%3A%2F%2Fvideo.twimg.com%2Fext_tw_video%2F1552961519922872322%2Fpu%2Fvid%2F320x564%2FMvoZQbY4Q7S4uvcn.mp4%3Ftag%3D12"
   },
   {
      "title":"Kangen dimentokin mantan",
      "path":"https://www.sotwe.com/download?url=https%3A%2F%2Fvideo.twimg.com%2Fext_tw_video%2F1553020301264314368%2Fpu%2Fvid%2F320x570%2FTRT9xqiUr3eXdE5R.mp4%3Ftag%3D12"
   },
   {
      "title":"Viral terbaru",
      "path":"https://www.sotwe.com/download?url=https%3A%2F%2Fvideo.twimg.com%2Fext_tw_video%2F1550093500250992640%2Fpu%2Fvid%2F720x1280%2FSsTQS_mARs7rrYlW.mp4%3Ftag%3D12"
   }
]