[
   {
      "path":"https://melbotuser.000webhostapp.com/sadgirl/1.mp3"
   },
   {
      "path":"https://melbotuser.000webhostapp.com/sadgirl/2.mp3"
   },
   {
      "path":"https://melbotuser.000webhostapp.com/sagirl/3.mp3"
   },
   {
      "path":"https://melbotuser.000webhostapp.com/sadgirl/4.mp3"
   },
   {
      "path":"https://melbotuser.000webhostapp.com/sadgirl/5.mp3"
   },
   {
      "path":"https://melbotuser.000webhostapp.com/sadgirl/6.mp3"
   },
   {
      "path":"https://melbotuser.000webhostapp.com/sadgirl/7.mp3"
   },
   {
      "path":"https://melbotuser.000webhostapp.com/sadgirl/8.mp3"
   },
   {
      "path":"https://melbotuser.000webhostapp.com/sadgirl/9.mp3"
   }
]