[
   {
      "title":"Anak SMA Colmek mirror",
      "path":"https://i.top4top.io/m_2341m8hur1.mp4"
   },
   {
      "title":"SELEBGRAM YG SEDANG PANAS",
      "path":"https://i.top4top.io/m_2341m8hur1.mp4"
   },
   {
      "title":"DI SEPONGIN",
      "path":"https://c.top4top.io/m_2341f9o9i1.mp4"
   },
   {
      "title":"SI CANTIK OMEK SAMPAI BASAH",
      "path":"https://e.top4top.io/m_2344gqc9p1.mp4"
   },
   {
      "title":"COLMEK IN GURU FULL",
      "path":"https://d.top4top.io/m_234461kmn0.mp4"
   },
   {
      "title":"DI SEPONGIN AYANG 😭",
      "path":"https://f.top4top.io/m_2344zxnbv0.mp4"
   },
   {
      "title":"AYANG COLMEK PAS RUMAH SEPI",
      "path":"https://e.top4top.io/m_234403ua01.mp4"
   },
   {
      "title":"MUKA CEWEK NYA PASRAH KE ENAKAN DI GENJOT",
      "path":"https://g.top4top.io/m_23444af6m0.mp4"
   },
   {
      "title":"JILBOOBS CANTIK MERESAHKAN",
      "path":"https://e.top4top.io/m_23444qdm11.mp4"
   },
   {
      "title":"CEWEK NYA KECAPEAN WOT",
      "path":"https://d.top4top.io/m_2344zr3je1.mp4"
   },
   {
      "title":"ANAK SMP DI EWE GURU",
      "path":"https://b.top4top.io/m_2344w2x0n1.mp4"
   },
   {
      "title":"YANG LAGI VIRAL",
      "path":"https://f.top4top.io/m_23441a9rx1.mp4"
   }
]